subset_size,model_type,flanking_size,trial_num,elapsed_time_sec,growth_rate,max_footprint_mb,n_avg_mb,n_copy_mb_s,n_core_utilization,n_cpu_percent_c,n_cpu_percent_python,n_gpu_avg_memory_mb,n_gpu_peak_memory_mb,n_gpu_percent,n_growth_mb,n_malloc_mb,n_mallocs,n_peak_mb,n_python_fraction,n_sys_percent,n_usage_fraction,sample
100,keras,80,1,80.27988409996033,75.98574829066499,3387.3024072647095,3558.1203298568726,145.19455716207878,0.032488456572173655,65.67193434537543,18.619450389447262,10463.135371179056,10488.0,94.93504991712638,3558.1203298568726,4210.500141143799,1,3558.1203298568726,0.04218902117493355,4.2858954788540276,0.9445215260869377,0
100,keras,80,2,80.20937299728394,76.02122732968454,3433.643928527832,3699.5475702285767,144.5484965936909,0.032552159884532396,65.73895222162328,18.571499885671447,10463.122672508212,10488.0,95.0621047016692,3699.5475702285767,4329.514940261841,1,3699.5475702285767,0.04372024595191981,4.209145913169205,0.9585590304409547,0
100,keras,80,3,80.27353501319885,75.24308336016242,3398.19966506958,3592.351269721985,148.59077429518,0.03258209886444253,65.62259029659408,18.491173601196966,10463.14504652435,10488.0,95.1950018932225,3592.351269721985,4257.269927978516,1,3592.351269721985,0.04479961733277976,4.483028178015558,0.9457267349111295,0
100,keras,80,4,80.94571542739868,75.28632675117714,3406.2687482833862,3556.349603652954,139.71111224699334,0.03283526767532258,65.72343844490975,18.55568252935665,10463.129296235671,10488.0,95.1547516956426,3556.349603652954,4304.64550113678,1,3556.349603652954,0.04184079419842823,3.8983642481842153,0.9515242322150085,0
100,keras,80,5,80.30853247642517,76.51059352220581,3408.0386180877686,3629.338625907898,145.00079076791954,0.0323473206007305,65.42441196136957,18.500035061082876,10463.154098360623,10488.0,95.02245784551951,3629.338625907898,4204.040558815002,1,3629.338625907898,0.03990114056074315,4.600083957706421,0.943808666484066,0
100,keras,400,1,141.78969550132751,84.10234167444759,5983.548822402954,6212.472192764282,119.45526763407265,0.03226499903871587,76.36888538032737,12.24627336730186,10466.102289332683,10502.0,95.28604118993144,6212.472192764282,6881.047199249268,1,6212.472192764282,0.03142676907021897,4.64056426489433,0.9671721578714478,0
100,keras,400,2,143.10408663749695,83.19110609320313,5975.950291633606,6226.661571502686,118.92408040069265,0.03255969790966449,76.53714929621013,12.199907092611248,10465.732213438754,10502.0,95.35189972199187,6226.661571502686,6962.004426002502,1,6226.661571502686,0.030930691545708308,3.869695996147459,0.9691794954114289,0
100,keras,400,3,140.3791332244873,83.18103417530172,5976.45096206665,6339.076036453247,122.99451716763637,0.03246736500267128,76.68997557107777,12.086039667758813,10465.498751872206,10502.0,95.18281535648977,6339.076036453247,6921.250014305115,1,6339.076036453247,0.030784094466234452,4.418726689878383,0.963308722233101,0
100,keras,400,4,140.3773112297058,82.6168252065054,5987.5009870529175,6341.682317733765,120.99726937731467,0.03251423878348987,76.82211085347976,12.168451796910002,10465.682744903028,10502.0,95.43436905516786,6341.682317733765,7034.29536819458,1,6341.682317733765,0.03321627215698936,4.136426566913652,0.9706071901143988,0
100,keras,400,5,141.60351967811584,82.95369418797853,5976.156574249268,6394.56067943573,120.5101307117743,0.03237772564221367,76.47865592535621,12.273948068779964,10466.030214424938,10502.0,95.28233808407047,6394.56067943573,7003.687016487122,1,6394.56067943573,0.03535561350601604,4.507032230389412,0.9721661468131332,0
100,keras,2000,1,206.82816076278687,86.85397653808633,8842.344449996948,9211.963787078857,110.77732093432576,0.03242008255949843,81.80673772110372,9.003302128032011,10467.249651324968,10516.0,95.53860819828469,9211.963787078857,9937.922737121582,1,9211.963787078857,0.02429140976857648,4.480819329985546,0.9761530023268551,0
100,keras,2000,2,208.97978806495667,86.64984849947008,8835.51579284668,9210.821222305298,110.84752711509539,0.0325218100690725,81.94953889274426,9.194595026675245,10472.706148282117,10516.0,95.70797488956114,9210.821222305298,9917.02879524231,1,9210.821222305298,0.02490361782431917,4.205417734287956,0.9725623979624749,0
100,keras,2000,3,206.67869782447815,86.56064421864338,8846.894501686096,9305.520097732544,111.75955681338337,0.03267173991014105,82.44935407335893,9.022184285528255,10467.13951310862,10516.0,95.4573621240294,9305.520097732544,9976.149273872375,1,9305.520097732544,0.025489190794385892,3.7907646658947374,0.9760960841153525,0
100,keras,2000,4,207.4039659500122,86.78232516009422,8851.320345878601,9252.01738357544,110.42991229017193,0.0325914498725111,82.07178313736928,9.029107382896209,10467.322206768662,10516.0,95.42298427093728,9252.01738357544,9984.468236923218,1,9252.01738357544,0.024733380132185255,4.173000143975674,0.978922166669469,0
100,keras,2000,5,206.9963517189026,87.24303354334609,8831.203744888306,9215.81725692749,110.07589954963042,0.032520705135075476,82.23791453952144,8.96351030150666,10467.037974683559,10516.0,95.24652096982507,9215.81725692749,9883.335043907166,1,9215.81725692749,0.025757438528372565,4.106863831172244,0.9763698762524997,0
100,keras,10000,1,275.4731094837189,87.2871237419504,11080.579278945923,11707.933407783508,108.11715998547764,0.032499317466919767,85.02906165549993,7.2951320168521505,10469.452245965978,10532.0,95.26682756771312,11707.933407783508,12414.345202445984,1,11707.933407783508,0.023154098934169486,4.078364460964978,0.9779384800938612,0
100,keras,10000,2,274.88494849205017,87.2335394542713,11087.778725624084,11732.913581848145,109.26101622603248,0.03282329138983828,85.50437719544969,7.334579058835387,10469.251421075658,10532.0,95.39524523842051,11732.913581848145,12442.1585855484,1,11732.913581848145,0.024407094143959692,3.570162360653565,0.9788917678889246,0
100,keras,10000,3,275.15266370773315,86.57543134894279,11065.643795967102,11685.5446767807,107.79014141449474,0.03248159218478485,85.073843931646,7.32831127094935,10469.57441253262,10532.0,95.48448213641342,11685.5446767807,12489.590504646301,1,11685.5446767807,0.02457457973427641,4.056912146757058,0.9771611171014675,0
100,keras,10000,4,277.29797410964966,86.87626350886445,11074.557465553284,11730.599180221558,107.91453729104555,0.03254055402882097,84.96540005245795,7.361781762097094,10474.267581475127,10532.0,95.81642773419944,11730.599180221558,12442.99450969696,1,11730.599180221558,0.022999309392280155,4.153944033411378,0.9761120236417322,0
100,keras,10000,5,277.3296980857849,87.5745986288763,11070.914224624634,11653.835456848145,106.4905685357136,0.032400918150283155,84.76231671495415,7.30515993479227,10474.158689090129,10532.0,95.5426618090232,11653.835456848145,12366.136462211609,1,11653.835456848145,0.024066142244928968,4.369599280200274,0.9782023555555209,0
100,pytorch,80,1,4.701237678527832,46.47731939086294,585.5878267288208,0.0,0.0,0.4337994245214401,16.758330864865062,0.9198732486309157,461.8333333333333,492.0,13.043478260869566,11.306002616882324,21.327738761901855,0,11.306002616882324,0.3595368610390786,0.0002625167472568263,0.022784308216750954,0
100,pytorch,80,2,3.6014294624328613,59.519293889394305,671.7799396514893,0.0,0.0,0.49661059650875994,18.762632718218658,0.9634665479862149,355.44,364.0,18.749999999999996,11.334612846374512,21.524508476257324,0,11.334612846374512,0.35514766393951674,0.3814548271519844,0.022893642233951485,0
100,pytorch,80,3,3.6075901985168457,57.935602376872396,672.960675239563,0.0,0.0,0.4663963349977536,18.553142659859006,0.964476958486552,355.44,364.0,20.454545454545467,11.334628105163574,21.523180961608887,0,11.334628105163574,0.35513587708689,0.21584764879268833,0.02230676154835122,0
100,pytorch,80,4,3.563035726547241,58.916631483498776,675.0678548812866,0.0,0.0,0.48050873743635775,20.11763700680998,1.0073529798645902,356.0740740740741,364.0,24.000000000000007,11.3346586227417,21.523241996765137,0,11.3346586227417,0.3632376257574687,1.0085929691327657,0.022528149429925974,0
100,pytorch,80,5,3.6218950748443604,58.69569621744866,670.480791091919,0.0,0.0,0.48646916504955007,20.621671321160104,1.0200013526065128,356.0740740740741,364.0,21.538461538461533,11.3346586227417,21.523303031921387,0,11.3346586227417,0.3632411356349661,0.7461663555107315,0.022628043173746257,0
100,pytorch,400,1,3.8802781105041504,57.898349369623276,706.2151412963867,0.0,0.0,0.3861383005808338,30.931201471159724,1.6859257591924917,359.39130434782606,364.0,35.294117647058826,10.601832389831543,10.601832389831543,0,10.601832389831543,0.63897,0.5342161947487082,0.01056507278274249,0
100,pytorch,400,2,3.8929460048675537,44.582789445660396,632.9353952407837,0.0,0.0,0.38956385841253965,31.57684222530877,1.6868952446150052,450.1304347826087,460.0,33.684210526315766,10.675768852233887,10.675768852233887,0,10.675768852233887,0.638911,0.45692068039292955,0.010649766819933204,0
100,pytorch,400,3,3.9141719341278076,57.05442256709463,699.4777116775513,0.0,0.0,0.3865666177392989,32.22962230197826,1.7769674237413837,359.48936170212767,364.0,38.461538461538495,10.6052885055542,10.6052885055542,0,10.6052885055542,0.639019,0.32472065452710785,0.010536616230656777,0
100,pytorch,400,4,3.8877251148223877,44.24369295716699,619.7112369537354,0.0,0.0,0.38267761002156925,31.246263915598046,1.6938553674625723,473.4782608695652,492.0,35.21126760563375,10.606432914733887,10.606432914733887,0,10.606432914733887,0.638981,0.2377816918322297,0.010499633249481064,0
100,pytorch,400,5,3.8613133430480957,57.1635122876089,701.8782472610474,0.0,0.0,0.39140705351686755,31.913245183977427,1.6796551229510712,359.2888888888889,364.0,31.004366812227087,10.601412773132324,10.601412773132324,0,10.601412773132324,0.638964,0.0016018875422587776,0.01050904315499224,0
100,pytorch,2000,1,4.8633458614349365,40.26185436624685,744.3936014175415,0.0,0.0,0.4178596730296797,42.654994967134314,1.9408318862554037,468.2,492.0,34.78647686832732,10.229815483093262,10.229815483093262,0,10.229815483093262,0.682734,0.12622454204433328,0.008659454233267595,0
100,pytorch,2000,2,4.529422283172607,39.94929170579083,745.4022588729858,0.0,0.0,0.35918949204234685,41.57098953985269,2.128837055609145,520.0298507462686,534.0,41.04683195592285,10.23242473602295,10.23242473602295,0,10.23242473602295,0.682744,0.43312907744173085,0.008595354253193912,0
100,pytorch,2000,3,4.500763177871704,39.824551349561716,751.1627616882324,0.0,0.0,0.3558815800491343,41.705949407903326,2.0813819048343687,405.28125,406.0,43.13725490196079,10.196650505065918,10.196650505065918,0,10.196650505065918,0.682736,0.14242185487134215,0.00853895300354762,0
100,pytorch,2000,4,4.410336256027222,40.19889471080634,749.4604158401489,0.0,0.0,0.3475757142973921,40.28136377226475,2.1137434544803626,363.96923076923076,364.0,47.63948497854074,10.199732780456543,10.199732780456543,0,10.199732780456543,0.682735,0.5417779055300062,0.00862256525236652,0
100,pytorch,2000,5,4.412413597106934,40.23313628614763,751.2377462387085,0.0,0.0,0.355444496075942,40.53726441374433,2.0037439997527686,483.5409836065574,492.0,42.43759177679879,10.19880199432373,10.19880199432373,0,10.19880199432373,0.682763,0.1263043714848056,0.008621726427082546,0
100,pytorch,10000,1,7.598892450332642,29.697859660807673,1442.0217294692993,0.0,0.0,0.22507279611374995,58.93603592478506,2.9325670227723957,584.272,590.0,65.1669429315652,21.16880512237549,21.16880512237549,1,21.16880512237549,0.5055532056925361,0.003153518847462096,0.009765906242999691,0
100,pytorch,10000,2,7.668123722076416,19.22424736990331,1441.5348987579346,0.0,0.0,0.2316194576523299,58.74037157253846,2.9257079649882405,364.34645669291336,366.0,64.52547693793751,21.251133918762207,21.251133918762207,1,21.251133918762207,0.48120979839740996,0.011090471186434178,0.009828720263057733,0
100,pytorch,10000,3,7.658425331115723,29.38425498943314,1445.4173889160156,0.0,4.723293527715352,0.22833452554629127,59.21212473775562,2.9525618396827453,377.7460317460317,496.0,65.83354805462503,21.250309944152832,21.250309944152832,1,21.250309944152832,0.4812175748711156,0.00010308545178998999,0.009698416487609699,0
100,pytorch,10000,4,7.665677547454834,29.768000930871995,1439.9271631240845,0.0,0.0,0.23106789810982872,59.04585446899455,2.8460651180085645,492.74796747967474,496.0,64.08660351826781,21.28417682647705,21.28417682647705,1,21.28417682647705,0.5058861921604626,0.25533854640119685,0.00984110104571343,0
100,pytorch,10000,5,7.599340200424194,29.816777735583845,1448.550495147705,0.0,0.0,0.22822234481347242,59.01726827343211,2.855720682710304,492.74796747967474,496.0,63.46578366445905,21.25127124786377,21.25127124786377,1,21.25127124786377,0.5096352220487261,0.05144614372676918,0.009842344939924289,0
200,keras,80,1,181.9942536354065,69.23038287913513,6050.587370872498,7166.724835395813,132.76944315711086,0.0324429017047762,65.42156595495035,18.060932642218845,10475.979022909172,10502.0,94.14831196966954,7166.724835395813,8368.524930000305,1,7166.724835395813,0.03633102967567422,4.737957640179894,0.9575205670552366,0
200,keras,80,2,160.41692638397217,69.0283402461072,6053.118529319763,7088.8917989730835,151.66974449022715,0.032514625479163645,69.47294261603332,19.12000786774752,10478.978924015526,10502.0,94.38509103400968,7088.8917989730835,8355.45652103424,1,7088.8917989730835,0.044692387442169856,4.65630959490456,0.9528366128167033,0
200,keras,80,3,158.5089955329895,69.11822618120128,6033.0743980407715,7324.437588691711,154.38039946259502,0.032746936059406956,69.45611493151942,19.08673447932929,10478.903624613658,10502.0,94.27369783241603,7324.437588691711,8366.793824195862,1,7324.437588691711,0.03722882268398505,4.515753981899066,0.958546024461506,0
200,keras,80,4,159.141375541687,69.67328955298892,6038.529999732971,7075.573285102844,153.36677366755265,0.03281100283008741,69.6153569663029,19.266951593588733,10478.988320355978,10502.0,94.4686295360885,7075.573285102844,8311.962265014648,1,7075.573285102844,0.03750018761094684,4.309267776256182,0.9591273718737292,0
200,keras,80,5,158.9944348335266,69.57074109051689,6040.339637756348,7124.180890083313,149.95367460231745,0.03295552070073408,69.65498005728813,19.238262211587088,10478.95145089288,10502.0,94.17459210235259,7124.180890083313,8266.2604637146,1,7124.180890083313,0.03474692650610069,4.1573043088161405,0.9520820036561365,0
200,keras,400,1,277.0406770706177,78.54314687594844,10974.289454460144,12464.114464759827,126.1680746254525,0.032638659149978134,79.537570720043,11.917796606933265,10486.163813536996,10530.0,94.40835803325409,12464.114464759827,13620.130761146545,1,12464.114464759827,0.027971002241424636,4.5609461484040414,0.9748141551884225,0
200,keras,400,2,276.69693326950073,79.45043921169875,11108.761525154114,12514.80502986908,125.0552913771254,0.03269538906542105,79.480439197417,12.014463537199681,10489.115877583068,10530.0,94.39928669182451,12514.80502986908,13618.246994972229,1,12514.80502986908,0.026069538954192673,4.468180238766826,0.9739840958814081,0
200,keras,400,3,277.37097120285034,78.42403270819939,11090.269220352173,12412.127522468567,124.25136773796824,0.03279351754268651,79.71714705661299,11.917249875054246,10489.172940247441,10530.0,94.39504008015885,12412.127522468567,13747.246291160583,1,12412.127522468567,0.027285268501779845,4.341653339634485,0.9721265294508467,0
200,keras,400,4,276.10231280326843,77.96656498322595,11096.657011985779,12626.951689720154,126.71917958168615,0.03283519027666914,79.80991111788009,11.91834972229133,10489.007678051355,10530.0,94.38360187982394,12626.951689720154,13811.937889099121,1,12626.951689720154,0.027935742561613443,4.214840946411229,0.9704448392083973,0
200,keras,400,5,277.335928440094,79.31684354704383,11081.885622024536,12423.183417320251,124.05308221815103,0.032705348319084365,79.60601871224544,11.916920651817232,10489.11134509082,10530.0,94.25109994369805,12423.183417320251,13581.83857345581,1,12423.183417320251,0.0265139955173656,4.392864864776659,0.9720986138595379,0
200,keras,2000,1,409.73580288887024,84.07235234532688,16574.57989883423,18138.51571083069,112.84070701993677,0.032826965061217295,84.40977962741569,8.55883386171201,10497.163938554515,10562.0,94.53656833653534,18138.51571083069,19289.568914413452,1,18138.51571083069,0.020139989659201458,4.275014999657085,0.9784377307059805,0
200,keras,2000,2,412.60024905204773,83.07020453030457,16598.99498939514,18459.41031551361,112.17521218020036,0.03282252694581391,84.35980188498279,8.585475117725668,10502.703916188573,10562.0,94.44384038273544,18459.41031551361,19577.73222541809,1,18459.41031551361,0.022138936348762368,4.28468639791854,0.9797739087481211,0
200,keras,2000,3,413.14224910736084,83.96939603492709,16570.793412208557,18180.475200653076,111.4155312295164,0.03274610009123936,84.53135395258086,8.594849675621326,10500.209319710915,10562.0,94.37173340244674,18180.475200653076,19351.290506362915,1,18180.475200653076,0.02038265379943431,4.130804145436929,0.9805904496513443,0
200,keras,2000,4,409.4842777252197,83.44716996447943,16541.6002035141,18318.224027633667,113.04025255187777,0.03287211118447832,84.4513646146027,8.61444226722311,10502.781062124246,10562.0,94.54719110879756,18318.224027633667,19442.353302001953,1,18318.224027633667,0.022133468307881026,4.179051315324302,0.9808055693166554,0
200,keras,2000,5,409.46304655075073,83.68578016023277,16568.373456954956,18156.787219047546,113.00340674940962,0.032717212923502985,84.29310817002998,8.59870713954477,10502.71528822053,10562.0,94.56521739130623,18156.787219047546,19348.628538131714,1,18156.787219047546,0.021383835221071925,4.3606108718116685,0.9772866832407124,0
200,keras,10000,1,545.5647456645966,84.6184806469856,20746.575728416443,22801.18336582184,107.3524379144133,0.032687986377928545,86.53197453075074,6.717593822848998,10509.390320250406,10588.0,94.39853076216592,22801.18336582184,24066.89612674713,1,22801.18336582184,0.020144475364600983,4.647142937992726,0.9816097898723495,0
200,keras,10000,2,544.4596781730652,84.00553479092893,20760.68093109131,22881.15426826477,108.79280715830824,0.032797874551180585,86.89666396201068,6.7140539973490725,10511.969461948616,10588.0,94.5820563415748,22881.15426826477,24224.720184326172,1,22881.15426826477,0.019223391432992867,4.301133877932473,0.9802234237882284,0
200,keras,10000,3,544.362015247345,84.6013577130646,20756.28493499756,22935.58996772766,107.55525739668852,0.032725989434643554,86.64921756539255,6.68572774655378,10511.990781174187,10588.0,94.52876809036232,22935.58996772766,24186.098789215088,1,22935.58996772766,0.021194077051733977,4.576753436260541,0.9858107083025284,0
200,keras,10000,4,544.5830295085907,85.09094138325288,20748.368147850037,22805.844327926636,108.53073748637587,0.03274815204594763,86.89483605048153,6.773531596516487,10512.205387205391,10588.0,94.58528434992361,22805.844327926636,23976.78069782257,1,22805.844327926636,0.019773804742410386,4.244321250486767,0.9833095433719387,0
200,keras,10000,5,545.9644501209259,84.78817258983081,20755.835225105286,22941.82194709778,107.86270276444347,0.03294709750722675,87.12241277321013,6.715757480604118,10509.552758954509,10588.0,94.32081740111445,22941.82194709778,24127.815433502197,1,22941.82194709778,0.020716509421499517,4.089143054055975,0.9856280689282598,0
200,pytorch,80,1,15.859298944473267,27.004498320063796,737.9789743423462,0.0,0.0,0.4591204752690224,22.146637403146567,1.2024549066962167,475.8688524590164,492.0,23.529411764705912,41.72328186035156,53.05916976928711,0,41.72328186035156,0.4274353632187835,1.5185561634662088,0.029705476860981406,0
200,pytorch,80,2,6.282526016235352,20.424432552837928,738.0203142166138,0.0,0.0,0.5112925427833989,25.16152438165462,1.2914790163890635,360.280701754386,364.0,21.7462932454695,53.107818603515625,64.41530895233154,0,53.107818603515625,0.4566233063665861,0.0004145224027463679,0.035523311031753636,0
200,pytorch,80,3,6.118774652481079,26.476843394704723,723.3100395202637,0.0,0.0,0.52142207246607,23.630539219473427,1.1610070941705,480.3137254901961,492.0,18.794326241134723,51.90906524658203,63.244967460632324,0,51.90906524658203,0.44628038968921396,6.898558168972474e-05,0.03489922273723384,0
200,pytorch,80,4,6.208857774734497,35.64203898592808,912.8416137695312,0.0,0.0,0.5170716990524465,27.394558103685792,1.376184814192976,360.5245901639344,364.0,22.307692307692335,29.191497802734375,40.52586650848389,0,29.191497802734375,0.3852852154776867,0.15571720201822967,0.02256336258358653,0
200,pytorch,80,5,6.1603171825408936,35.27213454218197,912.4040222167969,0.0,0.0,0.5105440221128801,23.688044179205306,1.164554396305844,359.9230769230769,364.0,20.07504690431519,53.115997314453125,64.45039653778076,0,53.115997314453125,0.4521414102657547,0.2357834509582031,0.03545612823268404,0
200,pytorch,400,1,6.7755372524261475,25.128559314397247,773.5392618179321,0.0,0.0,0.41569102750302783,40.27732818563106,2.113953038240324,483.48,492.0,35.523465703971084,42.85627746582031,53.46688365936279,0,42.85627746582031,0.5215461967366954,0.2845810351846654,0.027618134207340772,0
200,pytorch,400,2,7.07925009727478,19.748880815580797,775.7543420791626,0.0,0.0,0.43644169101793345,38.9260511713542,1.87412810902162,361.85858585858585,364.0,31.58890290037835,41.08385467529297,51.69421672821045,0,41.08385467529297,0.5223154034282063,0.12158104522358282,0.027088692886031204,0
200,pytorch,400,3,7.109988689422607,25.25778811840157,760.8795595169067,0.0,0.0,0.4081760066281128,39.201976500900486,2.07196236755687,480.37254901960785,494.0,32.82396088019561,43.129608154296875,53.77003002166748,0,43.129608154296875,0.5223771380917865,0.1829347603102978,0.02791660599938714,0
200,pytorch,400,4,7.028957366943359,25.998745130330217,764.9981498718262,0.0,0.0,0.4180643862674592,38.87586175622746,1.9431038576394997,484.4583333333333,492.0,31.62629757785464,16.957366943359375,27.563708305358887,0,16.957366943359375,0.48453415478238443,0.01476478673399437,0.014675757246527215,0
200,pytorch,400,5,7.047322750091553,25.624747465198862,773.2117624282837,0.0,0.0,0.4222394062255817,39.35390009125963,1.9512010027959663,483.125,492.0,30.616054760423143,40.63456726074219,51.238993644714355,0,40.63456726074219,0.5261502562313017,0.0004182664062198212,0.026980656868643253,0
200,pytorch,2000,1,8.276971340179443,22.774457899954612,943.048544883728,0.0,0.0,0.3609570190141782,49.54848841761803,2.4945193683485,475.19444444444457,514.0,43.22900526805094,25.169212341308594,45.69783306121826,0,25.169212341308594,0.5532715989126845,0.06903974983453094,0.019286161612742686,0
200,pytorch,2000,2,8.712590456008911,17.044581646204634,946.5851030349731,0.0,0.0,0.3803283371504191,48.75812278040475,2.332479726119248,362.5416666666667,364.0,41.20530565167244,25.16876983642578,45.75073528289795,0,25.16876983642578,0.5631606091743496,0.1886386003465492,0.01949618611942285,0
200,pytorch,2000,3,8.755489826202393,16.89482309877668,946.0402574539185,0.0,0.0,0.3911625027146768,47.94572391039546,2.314516673439832,362.57142857142856,364.0,42.01451905626119,25.169204711914062,45.69237041473389,0,25.169204711914062,0.553244826422851,0.008853596118312393,0.019328099285155644,0
200,pytorch,2000,4,8.737699270248413,22.613911422543907,945.8730707168579,0.0,0.0,0.39884639669479865,49.6892699579857,2.3310572678841655,489.35616438356163,492.0,41.012311901504575,25.17005157470703,45.70234203338623,0,25.17005157470703,0.5533950847618813,4.6316070203201097e-05,0.01915620980107591,0
200,pytorch,2000,5,8.372354507446289,16.92317713988818,946.5963716506958,0.0,0.0,0.3668837414256957,49.683028802866275,2.5368959610597193,363.9727891156462,364.0,42.67947993216495,25.168731689453125,45.74384593963623,0,25.168731689453125,0.5631417405783847,0.08789365351989246,0.019284446380462308,0
200,pytorch,10000,1,15.671374082565308,16.856456119856144,1847.1080541610718,0.0,5.017496305026219,0.21315079178242954,66.32440317251375,3.386600222397586,494.16666666666634,496.0,65.11401140114042,21.24187183380127,31.783841133117676,1,21.24187183380127,0.44591638404690287,0.3894712198528911,0.006844659992569213,0
200,pytorch,10000,2,15.491339921951294,16.84789514313896,1842.8604078292847,0.0,0.0,0.21485512238658783,66.47933609802892,3.3689593589228917,390.07067137809184,590.0,64.20001548107464,21.26157855987549,31.80772113800049,1,21.26157855987549,0.46133178565283234,0.0025208625401083183,0.0068499402087418195,0
200,pytorch,10000,3,15.493586301803589,8.151827955679872,1852.9705562591553,0.0,0.0,0.22348790965070456,66.36362705065116,3.3769984005023925,365.9931506849315,366.0,64.22388059701515,21.258732795715332,31.798474311828613,1,21.258732795715332,0.44029073522250484,0.00040094425961691827,0.0068650355518299,0
200,pytorch,10000,4,15.800055742263794,16.791508966219087,1845.387942314148,0.0,0.0,0.2315373737473397,66.30426421820366,3.199784315706069,442.8083623693381,590.0,64.59677419354837,21.276448249816895,31.8193941116333,1,21.276448249816895,0.4556007494303996,0.006826393503011506,0.00682874099999154,0
200,pytorch,10000,5,15.538715124130249,16.811369274023708,1846.5640993118286,0.0,0.0,0.21839329177821143,67.20827652730709,3.35967590756159,379.5578947368421,588.0,64.85651573042837,21.273282051086426,31.812329292297363,1,21.273282051086426,0.4535890825060942,6.319489748388576e-05,0.006835271699803499,0
500,keras,80,1,415.4343020915985,68.79965649992157,13324.178359031677,16512.32674217224,140.04128077584298,0.03263011157997737,69.74607109825699,19.223151197809557,10503.296584376052,10546.0,94.84260385426028,16512.32674217224,18741.18423461914,1,16512.32674217224,0.03444939194292007,5.13618407714905,0.9677047267004968,0
500,keras,80,2,389.05019903182983,68.8761096964123,13312.291786193848,16362.951725959778,149.07956508350352,0.03281931395299465,71.76447080259473,19.64998363292498,10504.464465841367,10546.0,94.8107511523746,16362.951725959778,18699.229828834534,1,16362.951725959778,0.03536924183089914,4.869474853977325,0.9713801867592866,0
500,keras,80,3,388.71455693244934,68.8011558484712,13289.8380651474,16343.971685409546,148.1483976558226,0.03275164010430229,71.62930816348387,19.73815303779946,10505.627052919712,10546.0,94.82760836321253,16343.971685409546,18682.802089691162,1,16343.971685409546,0.034071852366290616,4.913482262780915,0.9672879277005018,0
500,keras,80,4,389.50195598602295,68.5226421899634,13259.62445640564,16435.88817024231,148.4585992189072,0.0328935450848037,71.90790737451923,19.796511709648374,10505.579965850891,10546.0,95.01096384840953,16435.88817024231,18706.095955848694,1,16435.88817024231,0.034160007401197866,4.615841176394615,0.9666873478716935,0
500,keras,80,5,391.9196774959564,68.94774821841607,13132.020681381226,15946.632237434387,148.5981383585313,0.0326836337593574,71.53644471761852,19.69007125966763,10505.710046437895,10546.0,94.96506094319575,15946.632237434387,18371.264610290527,1,15946.632237434387,0.03432145921924542,5.148212647261662,0.9645562990927166,0
500,keras,400,1,677.3301422595978,79.90671041360777,25550.314648628235,29048.53175354004,123.14454524617088,0.03275404988165527,81.16007081274407,11.901051485864434,10536.651198424037,10612.0,94.94252687867987,29048.53175354004,31343.76299381256,1,29048.53175354004,0.02319370942830369,4.817042705959879,0.9802528960064307,0
500,keras,400,2,679.912965297699,79.41927205661901,25585.45178604126,29436.21388721466,121.9940105064951,0.03297545363317159,81.28725023519607,11.892993072667899,10536.667251205625,10612.0,94.82691656130388,29436.21388721466,31503.851742744446,1,29436.21388721466,0.022662800547653766,4.408697805102647,0.9779045503325619,0
500,keras,400,3,674.5234820842743,79.52680767290201,25502.92654132843,29293.055126190186,123.90845987896748,0.032853482650618514,81.38109915383082,11.97388153869146,10536.678750818988,10612.0,95.09619708357373,29293.055126190186,31382.214805603027,1,29293.055126190186,0.023598050875215455,4.538947466386171,0.9789881848353499,0
500,keras,400,4,674.0255320072174,79.44920036708854,25579.857614517212,29360.240132331848,123.33878504729344,0.03275257323677116,81.07941105489384,11.91744513918768,10536.757135046459,10612.0,94.91926991926937,29360.240132331848,31641.191528320312,1,29360.240132331848,0.024125625185980184,4.869122049440869,0.982752681219094,0
500,keras,400,5,674.9663741588593,79.54922264524635,25573.69531440735,29142.283692359924,123.29680495773627,0.03287376524267359,81.38066179836817,11.952922135383249,10536.799475467174,10612.0,95.0667468430542,29142.283692359924,31511.139172554016,1,29142.283692359924,0.021048570399553917,4.584474648563321,0.9801816260908767,0
500,pytorch,80,1,17.734668493270874,13.045588001261835,760.7029962539673,0.0,0.0,0.5142144992615594,27.496147582806497,1.3870723553664273,483.3333333333333,494.0,23.959094229364553,103.01409149169922,114.35014629364014,1,103.01409149169922,0.4702823542253043,1.4432827093157048,0.03007408555298955,0
500,pytorch,80,2,12.226168632507324,15.928610886741586,855.8758850097656,0.0,0.0,0.5484788482933921,31.000170060194826,1.5115520542228245,362.7625899280576,366.0,23.690103000447774,92.8826904296875,104.21705913543701,1,92.8826904296875,0.47201279995954787,0.06716461423666595,0.027287269322708346,0
500,pytorch,80,3,13.365250825881958,13.256075097612788,839.6408405303955,0.0,0.0,0.5367037181857355,24.300925089906947,1.1948922254690522,419.88617886178855,586.0,17.794710891976763,90.68389892578125,102.01826763153076,1,90.68389892578125,0.4615149629283429,0.00014202747617353512,0.027430678656355418,0
500,pytorch,80,4,12.431432723999023,13.03603657190967,750.4814939498901,0.0,0.0,0.5390916154426127,29.36280538220865,1.4531664680544447,490.4782608695652,494.0,22.565217391304284,79.54402923583984,104.78750133514404,1,79.54402923583984,0.4691959680969905,0.002766507490228554,0.027693344043818673,0
500,pytorch,80,5,13.12845516204834,13.144525599545986,757.579984664917,0.0,0.0,0.5354529772055321,25.835004640426856,1.2960392236965972,487.31851851851854,496.0,18.558860494344504,92.1435317993164,103.47946453094482,1,92.1435317993164,0.4713238148994375,0.024429458754583522,0.027553460840449125,0
500,pytorch,400,1,14.01564359664917,12.467770720439411,881.9704341888428,102.82845306396484,0.4970214781205075,0.43907206241908453,44.166505734788586,2.248541957806722,489.83549783549785,496.0,35.47725577926911,102.82845306396484,113.43056011199951,1,102.82845306396484,0.5033262917727404,0.12587807811529494,0.028414203037284372,0
500,pytorch,400,2,15.148482084274292,12.48903331103537,781.647102355957,103.7916488647461,0.0,0.4619419684951823,41.88685695309309,1.9958501656740253,489.7180616740088,496.0,31.56993339676494,103.7916488647461,114.40163707733154,1,103.7916488647461,0.5065223770375566,0.11474464097823958,0.028709230599597426,0
500,pytorch,400,3,14.491755485534668,12.294836732966054,787.1606693267822,103.98052978515625,0.0,0.4444492802176464,42.55037827376198,2.1107229927402718,489.8376068376069,496.0,30.893164398561026,103.98052978515625,114.59238719940186,1,103.98052978515625,0.5103961149906365,0.0026596573774607213,0.028308945161243413,0
500,pytorch,400,4,14.333737850189209,12.412728400993062,876.7673444747925,106.04737854003906,0.0,0.44543668907266004,43.598758196728454,2.1797653407021262,528.6837606837604,592.0,32.41676329302655,106.04737854003906,116.64975261688232,1,106.04737854003906,0.5020544472818225,0.09387665921029156,0.029087999770865302,0
500,pytorch,400,5,14.58312201499939,15.552813689569987,898.4542903900146,106.03778839111328,0.0,0.4563635611581152,42.99701051360344,2.0784634296495215,364.55793991416317,368.0,30.80175638315193,106.03778839111328,116.64004039764404,1,106.03778839111328,0.5053084057304261,0.22405598887320394,0.029092487369726003,0
500,pytorch,2000,1,17.507829666137695,10.453817475075702,963.1724319458008,0.0,0.0,0.39151679680956714,55.140352419601214,2.637050706559886,532.7448680351906,534.0,43.78463243442947,120.38560485839844,140.9392499923706,0,120.38560485839844,0.5232620170865527,0.004294188708322001,0.027781839750513845,0
500,pytorch,2000,2,17.68261170387268,10.446359858516448,968.8419399261475,0.0,0.0,0.39612534573341057,53.932897067904726,2.555294957500358,489.2753623188405,514.0,43.48106514327833,109.70906066894531,130.22205638885498,0,109.70906066894531,0.5233832213593338,0.003251713608397671,0.025771445324395723,0
500,pytorch,2000,3,17.073520183563232,7.822875246369343,975.3517484664917,0.0,0.0,0.3835494779324791,54.67724412576139,2.65816332786534,363.9940476190476,364.0,43.35065171816632,120.44237518310547,140.9606809616089,0,120.44237518310547,0.5213097157508747,7.323042278115775e-05,0.02764729921000069,0
500,pytorch,2000,4,17.495838403701782,13.778379183394064,1070.8036365509033,0.0,0.0,0.3902113178242183,53.57919757969351,2.5238898591206214,363.9940476190476,364.0,42.868882395909644,120.34838104248047,140.91221141815186,0,120.34838104248047,0.5259972037544604,0.10978626602858459,0.027640997908225825,0
500,pytorch,2000,5,17.73421597480774,10.434251948197318,968.3587303161621,0.0,0.0,0.3986747689632881,53.035777572575526,2.488728470439317,490.85459940652817,492.0,42.7062891318568,120.40103149414062,140.92747020721436,0,120.40103149414062,0.5214306186745018,0.06541643119699037,0.027771272639495945,0
500,pytorch,10000,1,33.846484661102295,6.676416731788461,1872.6227188110352,0.0,0.0,0.22019839478793446,71.01794716086481,3.5057342909720908,495.39236641221373,496.0,65.07177033492798,104.03417682647705,124.7081880569458,0,104.03417682647705,0.43252926353301757,0.034498533710085925,0.012096848081743935,0
500,pytorch,10000,2,33.795809507369995,6.687241727395134,1863.686894416809,0.0,0.0,0.22093289987665776,71.00226640668141,3.5392538869514807,495.3930197268589,496.0,65.02664347441937,104.29378986358643,124.97083759307861,0,104.29378986358643,0.4351963297071847,0.050898960410102105,0.012142425894044356,0
500,pytorch,10000,3,34.04882073402405,4.655277713248217,1865.613576889038,0.0,0.0,0.22746477342072738,70.54533960942695,3.4331122241681222,365.68373493975906,366.0,64.92329345531303,104.3569688796997,124.9820909500122,0,104.3569688796997,0.43836155075940486,0.04511772118923633,0.012156736624003921,0
500,pytorch,10000,4,33.800639152526855,6.6970838591613635,1867.2740697860718,0.0,0.0,0.22203627357345296,71.3621290024291,3.551675990022028,583.0708898944189,584.0,65.18058844342836,104.41252613067627,125.02696704864502,0,104.41252613067627,0.44087832966119506,0.00268044329093035,0.01212941224317636,0
500,pytorch,10000,5,33.69093441963196,6.6985986300530245,1882.9830446243286,0.0,0.0,0.21986187478236502,71.19422796401474,3.570824931900333,495.20121028744325,496.0,65.89203515134601,104.37415027618408,124.98430347442627,0,104.37415027618408,0.43596579432107346,0.02315048644814062,0.012163484817638605,0
1000,keras,80,1,770.7836389541626,68.86297675054001,24950.396752357483,31447.726831436157,147.4386921962254,0.03281717405476214,72.41311451627588,20.013614602741725,10543.067061031821,10616.0,95.41744571265546,31447.726831436157,35193.13478183746,1,31447.726831436157,0.026752612888006233,5.125717684086801,0.9717879024868242,0
1000,keras,80,2,785.206885099411,69.1490337761412,25012.244215011597,31525.501819610596,143.38820670331467,0.03278590495862883,71.51388780475101,19.89500316798805,10542.442044227233,10616.0,95.50060387709564,31525.501819610596,35130.461810112,1,31525.501819610596,0.02553580012644131,4.9127956568469955,0.9712193233827926,0
1000,keras,80,3,782.3849034309387,68.66203325606745,24966.4945602417,31315.373045921326,143.97085190939347,0.03294274460301726,72.22462631202967,19.830310504034863,10542.978789091509,10616.0,95.39623254303359,31315.373045921326,35299.69028186798,1,31315.373045921326,0.026905970602373,4.638512898145825,0.9708004871145339,0
1000,keras,80,4,765.8008618354797,68.87241815224812,24966.25563144684,31609.923325538635,147.75647445642102,0.032861998285953,72.61753458126286,20.047848008642855,10542.47987633829,10616.0,95.36551421981176,31609.923325538635,35230.847005844116,1,31609.923325538635,0.027680521157521374,4.868779396492647,0.9718852769368037,0
1000,keras,80,5,765.2300734519958,68.86092014281081,25028.297381401062,31284.42057991028,148.7604593109573,0.03288990669802588,72.58974153292009,20.050271086442436,10543.09945605493,10616.0,95.42292696612958,31284.42057991028,35291.061071395874,1,31284.42057991028,0.027037746685997694,4.883917658577912,0.9709709378786402,0
1000,pytorch,80,1,22.06761407852173,7.703400107487146,773.8847484588623,0.0,0.0,0.5391377760840879,30.366938163446143,1.4643869010803834,490.1382113821139,494.0,22.379778051788097,232.15185070037842,254.886625289917,0,232.15185070037842,0.47135098986855506,0.25608728937295394,0.037780079560773124,0
1000,pytorch,80,2,22.982030868530273,7.77237045800102,866.3924417495728,0.0,0.0,0.5389680735263735,25.012405166157293,1.233284093550807,459.46255506607923,496.0,18.469505178366173,229.86211681365967,251.97035789489746,0,229.86211681365967,0.47581180888836305,0.2988098506777136,0.037148417724446846,0
1000,pytorch,80,3,23.725147008895874,7.6412761267767015,769.053074836731,236.12044048309326,0.0,0.5464958639457806,25.19798275867855,1.2257144299591956,491.18260869565216,496.0,18.306499701848836,236.12044048309326,247.45637321472168,1,236.12044048309326,0.5047593048310899,0.15341715121308355,0.03641542220290219,0
1000,pytorch,80,4,23.538954496383667,7.801848881601105,772.5778732299805,0.0,0.0,0.5356293712506758,24.716862490668458,1.2182630677379547,490.5391304347827,494.0,18.53515625000027,210.718768119812,222.05473136901855,0,210.718768119812,0.49706721968555134,0.16470905049679638,0.03330067221657767,0
1000,pytorch,80,5,23.664032220840454,7.73454764808648,776.9224433898926,0.0,7.2233761925005755,0.5606054369170683,26.53914245111231,1.2357275758275639,490.00000000000006,494.0,18.50681414181341,230.67392539978027,252.78228092193604,0,230.67392539978027,0.4697571592644299,0.11989123655034464,0.03746332193690335,0
1000,pytorch,400,1,25.72993755340576,7.363051498986354,804.7476844787598,0.0,0.0,0.4725510641623483,45.379288871575355,2.163091427530266,480.6728971962616,496.0,31.71475680131925,212.0107660293579,239.68453788757324,0,212.0107660293579,0.46613548598034976,0.1656223535391714,0.03373050942360877,0
1000,pytorch,400,2,26.37534761428833,9.080681818106846,923.4673891067505,0.0,0.0,0.4727536315116201,44.58177164052024,2.085878293286882,366.1465721040191,368.0,32.18661257606511,255.85302543640137,277.3974618911743,0,255.85302543640137,0.48297437513043395,0.04273639964320481,0.03876854418092224,0
1000,pytorch,400,3,26.131613969802856,7.337913136088931,920.6186800003052,0.0,0.0,0.4735176591799799,44.16760478482239,2.0689557063813346,389.18009478672985,496.0,31.876168034452146,253.28769493103027,264.22860527038574,0,253.28769493103027,0.474676511892659,0.16505130809391988,0.0370573756546148,0
1000,pytorch,400,4,25.798908710479736,7.277283235922912,803.0580406188965,0.0,0.0,0.4722264603177215,44.833344062875376,2.0902400062441764,492.6033254156771,496.0,31.292735902180187,252.60411643981934,274.14350986480713,0,252.60411643981934,0.4830712993003851,0.13850244571746023,0.038128659009958224,0
1000,pytorch,400,5,26.098777055740356,8.817633561134606,816.265435218811,0.0,0.05368995846709037,0.4683147108519523,44.103868076079415,2.099691344106944,492.6009389671363,496.0,31.553085226357524,242.231595993042,263.7761163711548,0,242.231595993042,0.4835080705482267,0.10883316600209898,0.036770825587225955,0
1000,pytorch,2000,1,30.73123860359192,6.135718495145103,988.6929540634155,0.0,0.0,0.38825676458537967,57.32046727505053,2.7820475517682346,485.060465116279,516.0,44.83119602198358,235.1809320449829,276.6445655822754,0,235.1809320449829,0.49367963066363185,0.14494263493336668,0.030369307601235497,0
1000,pytorch,2000,2,30.963594913482666,6.128398381594286,985.5197124481201,0.0,0.0,0.393861776019447,56.50394434112614,2.6858504714667464,533.1160572337043,534.0,43.384326927174165,229.77087211608887,271.0971918106079,0,229.77087211608887,0.49146356202912034,0.22877533150020096,0.02971717970622499,0
1000,pytorch,2000,3,31.24183225631714,6.10677942556141,994.9239501953125,0.0,0.0,0.39518277201474356,55.5731177007352,2.649268773313412,490.8647798742138,492.0,43.813883210381064,230.2810344696045,271.75877475738525,0,230.2810344696045,0.49377269942440194,0.2770302736350905,0.029694620288718717,0
1000,pytorch,2000,4,30.88121485710144,6.1125406718095325,992.605993270874,0.0,0.0,0.3881701081046443,56.301601605084386,2.729819120027123,399.353218210361,514.0,43.61471401233242,231.1960048675537,272.64522647857666,0,231.1960048675537,0.4934675841872587,0.32728696459368184,0.029811646214635182,0
1000,pytorch,2000,5,30.852760314941406,6.131163348327418,995.5195741653442,0.0,0.38077593644602914,0.3875471855479178,56.42154917059207,2.7386847033398705,490.66141732283467,492.0,43.91534391534383,238.17523002624512,279.67957401275635,0,238.17523002624512,0.49327505011895895,0.18867188470268095,0.03067353900418849,0
1000,pytorch,10000,1,61.69434714317322,3.7735008374787813,1888.2896432876587,0.0,0.0,0.22369132535136352,72.93001435282822,3.6166188833635506,589.2857142857146,624.0,65.72540564756557,212.10145092010498,274.8455991744995,0,212.10145092010498,0.39747521150975546,0.011182035150721515,0.014513403561238045,0
1000,pytorch,10000,2,61.99624800682068,3.7737691295385485,1897.782717704773,0.0,0.0,0.22231185233185177,72.59142559730147,3.597864414988397,553.808285946385,588.0,65.25730886936364,211.92651653289795,274.70495891571045,0,211.92651653289795,0.3993116687530627,0.0018606011404417617,0.01450771028362838,0
1000,pytorch,10000,3,61.959747076034546,3.7918264269852533,1889.9229850769043,0.0,0.0,0.22209990775448,72.64256251462966,3.564350824670237,495.5682747342602,496.0,65.18393709632085,217.94486045837402,280.2619152069092,0,217.94486045837402,0.4020773323856227,0.009298207721486564,0.014863122392862471,0
1000,pytorch,10000,4,61.87112522125244,3.7761752775512147,1896.01646900177,0.0,0.0,0.22534912979319432,72.6757078410384,3.6015464097664602,628.6602254428334,630.0,65.4726522333183,213.03767681121826,275.3664884567261,0,213.03767681121826,0.4016419512008323,0.0009443290632710775,0.014550884810069768,0
1000,pytorch,10000,5,61.9952917098999,3.7660523482981856,1895.5721988677979,0.0,0.9100947862741999,0.22065633450625585,72.74606542751094,3.607299674668413,449.8097560975608,496.0,65.51497249093462,202.5750560760498,276.6691598892212,0,202.5750560760498,0.40294803191964557,7.704427061495986e-05,0.014620185295925259,0
