A,C,G,T
0.0029506379365921154,0.0021646797657013384,0.00436530679464342,0.011774191260337852
0.0014820045232772916,0.00021477669477465433,0.004238441586494446,0.001543698310852104
0.0005456760525703874,-0.0013510927557944807,-0.00023830235004418387,0.00010511398315427023
0.0014930325746536077,0.0004888620972633984,0.001746526956558192,-0.0004705953598022061
0.002020615339279219,0.0007963815331458735,0.00601331621408463,0.0028151735663414224
0.002628930807113683,0.00011468112468726588,0.0021579366922378496,-0.0005881565809249256
0.006155679821968074,0.0007335960865021418,0.0013823547959327387,0.0004892387986182856
0.009042220115661692,0.00046980112791061845,0.009043841361999538,-0.0005272510647773565
0.0013066640496254278,0.004852613210678092,0.008041103780269676,0.004186662733554836
0.011487397551536604,0.008789304196834546,0.004368049502372795,0.006900943219661726
0.0014629298448562977,0.0013429212570190696,0.0037812006473540993,0.001908680498600046
0.007348736822605173,0.004644166231155378,0.007968209087848677,0.0054754838347435
0.004626113772392304,0.004123541414737697,0.006802145242691071,0.007424108386039796
0.00684120953083045,0.006134316623210956,0.003964169621467617,0.004782794713974026
0.006002073884010306,0.003898442685604131,0.004282500147819501,0.004158156514167843
0.0024950209259987366,0.0017490446567535178,0.0026165753602981345,2.2202730178833008e-05
0.0001361986994743436,-0.0006790193915366949,-0.0003248912096023293,0.0017592227458953502
0.0026718461513519642,0.0011274462938308805,0.006351799070835162,1.169323921201837e-05
0.0013577809929847806,-0.0014208918809890392,0.0011681687831879284,-0.00015034735202790195
0.00528721749782568,-0.0006547868251800537,0.006637450456619232,0.0010430142283439636
0.0010752987861633034,0.0004225242137909646,0.0009999364614486916,0.0040511679649353205
0.005151580572128278,0.0007733458280563266,0.006256989240646327,0.004837057888507856
5.4738819599164934e-05,0.0055769458413124084,0.005790905058383977,0.007702804803848329
0.00037522822618485385,0.0018608158826828314,7.682949304577136e-05,0.0015449911355972512
0.002314599752426205,-0.0013778603076934903,-0.0016868850588798168,-0.001188372373580937
-0.0008946874737739696,-0.0008284395933151334,0.001462188363075323,-0.0043090206384658325
0.00023529201745986494,0.000721947550773594,0.0010208898782729792,0.0012410089373589006
0.0031434687972069497,0.0044875586032867565,0.0046250593662262585,0.0016987892985343978
0.00030528366565707454,0.0015017443895339877,0.004149728715419743,0.004155568778514862
0.0033294802904129117,0.004839777052402461,0.007333118021488172,0.004359835386276267
0.0037868294119834944,0.0011424103379249484,0.005424222946166957,0.0006479755043983237
0.0019676324725150796,-6.512403488145857e-06,0.0013267311453819541,0.00043937861919407517
0.01021125808358192,0.0003901505470276234,0.0005950719118118508,-0.0004273828864097551
0.00793198257684713,0.0002747306227683932,0.002432152032852186,-0.002797361910343188
0.0014671719074249578,0.0009657189249993037,0.002316087782383014,-0.0012545338273047824
0.0014338159561156916,0.0012347882986069036,0.00205946922302247,0.0027092492580413907
0.003232028782367724,6.12777471542536e-05,0.0015547990798950861,0.002370258867740671
0.001983402371406595,0.0011167484521865667,0.004537966847419805,-0.000165691375732413
0.010925477743148782,0.0019277799129486795,0.006408234238624577,0.002845267057418832
0.0034957331418991044,0.0019574353098869013,0.004415677785873484,0.007073809504508977
0.005179276764392893,0.0028284883499145597,0.009744671583175712,-0.0009384685754776356
0.005110513865947741,0.0014228498935699996,0.004305692315101695,1.8520653247811047e-05
0.006049325466155997,-0.00011145502328868684,0.010012932121753693,0.001286292076110862
0.00407037287950518,0.011914501767605556,0.018489111978560735,0.013732007732614848
0.009895705543458533,0.011238407436758302,0.003012310266494733,0.013770686555653833
0.0034437423944473355,0.0014911198616027743,0.013004247546196002,0.001711629331111908
0.009419878721237174,0.010348958671092978,0.015224269330501583,0.010650252103805546
0.015773452520370546,0.01161911368370061,0.006588648557662946,0.01645525604486464
0.005193430185318038,0.0032454079389572232,0.008020029366016423,0.010484123826026925
0.00657104730606084,0.004614388942718484,0.008650619387626679,0.004622099399566704
0.006767134666442853,0.0044486218690872326,0.002931925952434522,0.002583725154399863
0.004230787158012395,0.0023834091424942416,0.0021811953186988697,0.011674398183822654
0.002008620798587768,0.002093796133995074,0.003614595532417275,0.0011789870262146618
0.002471857368946062,0.0013943669199943942,0.0036603891849518178,-0.0002710896730422352
0.0013095718622208041,0.0010010892152786388,0.00542475461959846,0.007622791826724984
0.001153265237808232,0.000841190814971915,0.00564455687999732,0.0030987286567688566
0.005853969752788513,0.0019495797157287331,0.008536049425601933,0.0006754893064498946
0.0024142134189606423,0.01185454890131954,0.013907152563333525,0.016530678793788
0.012663190811872505,0.013300157114863431,0.005353311002254557,0.014986052699387131
0.007010928988456788,0.003265373706817676,0.017019111514091523,0.006637123525142674
0.004093433618545528,0.010839621722698256,0.014017316475510633,0.015178769677877457
0.012490200102329263,0.015772187113761937,0.006838815510272989,0.017173737436532943
0.001756018996238673,0.003835186958312975,0.003891627192497249,0.004159367084503152
0.002359417080879278,0.003455737829208383,0.0018832448124885826,0.014331697225570705
0.0014120310544968318,0.0006117331981658758,0.009448450505733508,0.0023817032575607078
0.008470085263252325,0.0031637829542160434,0.010357314348220847,0.01183273673057561
0.005889113247394606,0.0058948281407356085,0.007415481209754993,0.00940519273281104
0.004911303222179475,0.003313905298709896,0.009255046546459256,0.010336682796478258
0.007398198843002302,0.005654658079147334,0.006522119641304003,0.016692676246166216
0.009038594663143162,0.008230615258216889,0.00846439629793172,0.007016342282295196
0.00935877172363686,-0.0007513990998267994,0.011177633404731768,0.0024988976120948747
0.003679000139236499,-0.003337023258209171,0.01241713881492612,-0.001159468889236459
0.012318268418312073,0.003958671987056794,0.020901881903410024,0.009359041154384684
0.004484732449054785,0.0029232305288314775,0.008534558117389679,0.009001067280769326
0.005768690109252961,0.0011239200830459595,0.016297047846019264,0.001727377772331229
0.003761451542377503,-0.002076673805713636,0.005216032862663256,0.003010949194431345
0.01226844727993015,0.0029855996370315996,0.009588161706924447,0.006592432856559749
0.016073120534420005,0.005313896834850285,0.0228854875266552,0.010836625099182151
0.0038474336266517417,0.010218784809112536,0.0121174254268408,0.020049204230308537
0.0167475605010986,0.011997625976800985,0.01512097299098969,0.02190551519393924
0.025775435566902205,0.0017379143834114208,0.020245615243911774,0.003935042619705231
0.011789121031761218,0.004809686839580607,0.011339311897754722,0.005264445543289198
0.009512659609317797,0.004736223816871665,0.023982591405510956,0.007010617852211021
0.017890225052833553,0.002393667101860064,0.013170078992843615,0.0025238633155822976
0.02126321136951448,0.005138430893421142,0.01726289719343188,0.010662406980991412
0.03211708709597594,0.005829985141754146,0.023733862936496708,0.0060226693749427795
0.03427763905376202,0.0009963345527649325,0.029480275511741705,0.008342208564281473
0.02064757920801641,0.0023077967762947793,0.032216585576534285,0.019300308525562304
0.00828801453113559,0.017258225306868602,0.029053959660232054,0.026363377124071108
0.03345390960574157,0.015917561873793673,0.013281461372971592,0.030740067400038207
0.015212346315383929,0.003728283643722574,0.011374892592430186,0.009702859818935372
0.011591852754354481,0.0020743989944458363,0.02242389798164368,0.013920030891895308
0.019069582223892212,0.006038230955600743,0.0237779054045677,0.0018936195969582181
0.01964778482913976,0.004307231605052975,0.025607924163341567,0.013236363828182274
0.015288335159420963,0.014484178125858338,0.0347463177144528,0.01520304948091511
0.02704065412282941,0.0072974690794944674,0.02372136235237121,0.012893738448619851
0.014892768859863348,0.007204611003398864,0.025050655752420492,0.013525852337479605
0.018314878828823544,0.0016950941085815963,0.021351342201232915,0.0087341004610062
0.01492398709058762,0.007986979782581338,0.024382594227790877,0.01497085094451911
0.022060615122318272,0.015441381130367526,0.019943245442118562,0.023986019727308294
0.010476090908050573,0.009803470447659501,0.024779786914587043,0.032142363847233346
0.012074640691280392,0.009155981242656708,0.015460909828543645,0.016811572611331926
0.03442891478538512,0.013246833682060255,0.013811080604791637,0.019235581159591675
0.0037538808584213212,2.7863085269919097e-05,0.003412579894065848,0.026236694976687458
0.01052378833293921,0.0024428084492683633,0.0116043994762004,0.005279106795787802
0.01646541148424152,0.007258641775697461,0.0272826578468085,0.026975643150508377
0.014962996598333111,0.017326032370328925,0.015771929025650056,0.03564865555614238
0.009516322612762473,0.0007045882940293069,0.016940003633499123,0.004866027832031272
0.008577362596988714,0.0027400976419449385,0.014516911208629635,0.017295044958591466
0.012692099958658276,0.0010379731655121294,0.02046543791890143,0.021003470718860662
0.014987695515155774,0.008312432318925866,0.026768343299627295,0.02453718379139902
0.026835783869028074,0.007485715597868037,0.025318349748849833,0.015334036499261905
0.0133707043528557,0.019174448177218473,0.02901948831975465,0.03356352176517252
0.03212327692657713,0.02386051632463937,0.017717300057411234,0.041207565814256664
0.014905993044376342,0.004172331094741799,0.012903866469860081,0.01167638570070273
0.02235414162278182,0.004326559901237537,0.021381908059120214,0.014834613054990786
0.043076297640800454,0.01090052902698524,0.044593104720115684,0.015013504624366791
0.010527433753013682,0.02500812457874424,0.03300404192879802,0.04011280076578261
0.028381172930821763,0.03019256575033069,0.04112625786365243,0.03631676498800518
0.015208105146884976,-0.0025629621744155395,0.02682726102881139,0.006003723144531237
0.015291243757819761,0.013575764875858987,0.03696978111751381,0.02898344561457633
0.030512541905045487,0.011417110906913885,0.023634992378938513,0.032076728194952
0.013080089862924082,0.018513818103820134,0.03512384240981192,0.024271226376295085
0.03694763918407262,0.01983458359725776,0.019887129436247042,0.01996929019689564
0.015415695309639044,0.010705672229669339,0.013074237526016108,0.040409611415962
0.027737025627284306,0.01078925073452408,0.023660100925480987,0.02074966437881809
0.01636649489402775,0.016053383387625186,0.018041399542708003,0.0318605026660953
0.02479306354362054,0.015031429271912256,0.020249154567718475,0.0437779426679481
0.02311698473989965,0.011895966529846258,0.019657010436058053,0.015710189212113645
0.028697404861450226,0.011014795303344704,0.0261134186387062,0.06385811485350135
0.021819953434169315,0.01265222862362858,0.021848978251218787,0.05208167809993025
0.023255161717534056,0.008602286279201565,0.032072306573390996,0.026802296638488765
0.015278177037835183,0.009178096950054226,0.009441585093736715,0.04003928005695345
0.014252077639102967,0.002775970697402985,0.007907192111015315,0.0203919553756714
0.015264681428670879,-1.992821693419522e-05,0.012754471413791157,0.009510260522365588
0.023836275935173012,-0.0018399915099144293,0.009140256047248885,0.036749440208077466
0.013639459311962199,0.002066627740859972,0.014364752471446973,0.020773525536060378
0.03258559182286269,0.0034913277626037464,0.02541796565055854,0.022669884860515577
0.005924434661865208,0.013189172260463233,0.031523131337016785,0.03493490036576985
0.04342777943238618,0.014108453989028935,0.01962021261453628,0.051255611255764943
0.019997832328081167,0.004714936520904267,0.005170824285596676,0.029095074720680736
0.027597152404487124,0.01110696524381638,0.014248856306076085,0.036854122057557115
0.01898555507883426,0.007259435951709747,0.027250927984714512,0.017579049766063726
0.004761246740818015,-0.002890539169311479,0.012221487760543881,0.010103362500667568
0.03610289692878721,0.004262791275978062,0.027654174640774798,0.05684329755604267
0.011779747009277308,0.016067633554339378,0.028125088661909103,0.04649907559156419
0.03471343521028758,0.02347091019153602,0.030825986536219707,0.034193265931680816
0.022349909506738208,0.01879802335053682,0.01791523307561871,0.047693029288202515
0.02976486992090943,0.01360171150416134,0.012546762526035371,0.049355034418404164
0.015567348450422291,-0.0009719520807266457,0.019681368768215246,0.025015503980685083
0.016771411150693916,9.793817996983645e-05,0.0019852077960967884,0.01683978199958802
0.015832507014274633,-0.005092234015464769,0.0014748710393905906,0.038712778687477134
0.02139505267143249,-0.0061392778158188,0.013967049121856756,0.034355369471013586
0.014905347004532832,-0.0007030931115150629,0.009890175871551055,0.02268121749162677
0.009355558753013637,-0.002719700336456299,0.014201997183263315,0.03464832074940205
0.017012801468372363,-0.0024343132972717285,0.01737340211868288,0.02172995449043813
0.016168073564767904,-0.004722662568092284,0.0037897080183029175,0.039258315576253144
0.02092048838734628,0.003545379340648691,0.010585008189082146,0.02748414337635041
0.018917957693338372,-7.587507367134982e-05,0.009918554946780178,0.02328885164111849
0.006832018196582856,-0.000402743816375728,-0.0010376498103141785,0.04204534795135262
0.012275729514658495,-0.0019661313295363803,0.020222798595204927,0.031097209025174433
0.038624810501933116,0.0037967380741611434,0.01564814087934796,0.02752730081556365
0.031048285961151167,0.003525127824395957,0.010856460593640871,0.030390557115897554
0.0017892438173294778,-0.004023401737213161,-0.004301498532295223,0.03880750736279881
0.012833184897899641,-0.003948962092399588,0.005159824192523921,0.032771868021227446
0.004761625528335589,0.001480149924755092,0.014281415939331077,0.05469636938301847
0.004407972693443285,-0.0012940916419028614,0.006606635749340062,0.01260564714670187
0.011043608784675585,0.00905757308006283,0.009675469100475342,0.03196057567722166
0.025459242761135092,0.010496887862682325,0.02836194083094601,0.0401306493952871
0.0012438812851905956,-0.0024348700046539218,-0.0005659404397010404,0.03352195031686733
0.013557912707328867,-0.0006094789505004528,0.00923142343759542,0.028584126675268662
0.006185827851295511,0.0007290327548981068,0.008314292132854506,0.035292229726910596
0.006819334924221043,-0.001977018713951062,-0.0009310179948807118,0.027484316900372563
0.011492726728320135,-0.0002991685271263034,0.0013335174322128829,0.041501169449511544
0.013316650390625018,-0.0027423152327537004,0.015279063582420371,0.02397860467433932
0.023209371119737643,0.0024586105346680043,0.011036785840988217,0.04123867094516753
0.00963580757379534,-0.0018775993585586903,0.005677743554115322,0.012333983778953561
0.0124732497334481,-0.0013215324282646046,0.010662322640418997,0.039175966233015114
0.011514204293489483,-0.003045757412910466,-0.0040911164879798845,0.037685136497020766
0.021092882901430188,0.0004949241876602839,0.006538547277450624,0.0281504943966866
0.01940562620759012,0.0006739500164986145,0.012225573658943167,0.0279372024489567
0.0008829003572463634,-0.004701980352401769,0.00044812917709347033,0.011065625548362767
0.02336420997977262,-0.00603316783905028,0.0051389157772064875,0.023098469674587285
0.03215475380420685,-0.008170494437217735,-7.567018270493442e-05,0.04285225240513679
0.006750123202800773,-0.0028320723772048417,-0.00015759855508801213,0.05735335556324572
0.006069122552871731,-0.0037987416982651068,0.012603332884609686,0.0432341129519046
0.0039784613251686585,0.0007562088966369673,0.007835016846656773,0.025193075239658413
-0.00029654458165162545,-0.005050280094146764,0.0005705383419990495,0.036461794557835714
0.007473311871290189,-0.004975299537181788,0.006402390003204417,0.02175905659794808
0.012184341438114643,-0.006471285820007333,0.0015042206645011769,0.03001628011465074
0.003529678285121962,-0.005282607078552215,0.011428861990571026,0.022043625414371548
0.0014218500256538702,-0.0037362042069435386,0.022450826596468687,0.018220117259770685
0.0036925199627876326,0.0015588247776031627,0.00621823266148569,0.032588748680427715
0.0004365652799606101,0.00211659997701652,0.013902387917041792,0.018648091256618482
-0.0003587010502814625,0.0011518019437790628,0.02573720595785467,0.0034406185150146484
-0.0018132981657981162,0.0005352649092674744,0.0573002503644966,0.03239923823741264
-0.0022776693105697188,-0.006852363348007207,0.031220349669456526,0.18225625289444314
-0.0067452824115753485,0.11918831244111061,0.20894867755472657,0.20170856821350758
0.42249928114266366,0.4640120628380646,-0.0042979323863983065,0.5168058843133804
0.947807016589677,0.9571221127845129,0.0,0.9571356194610147
0.9483023592729273,0.8265604687765904,0.9527522122679816,-0.00036641061305997535
-0.006097853779792772,0.5366768256257092,0.16843080814462152,0.4671020299845259
-0.008636384606361402,0.08767856379039585,0.2107709589230945,0.14780844147055183
0.3110914538514772,0.3511301783283125,-0.0061868846416472945,0.3211079858598168
0.08577934522181752,0.0766346153244376,0.11335861390475654,-0.002735709547996512
-0.008055700063705373,0.013970581591129294,0.020026848373236206,0.005719859302043884
0.0028169590234756736,0.0028106746077537492,0.007431639134883872,-0.002217413187026951
0.003275350034236957,-0.0013350963592528853,0.019170953333377816,0.0012471240758895608
0.005743282139301309,0.003525937199592599,0.026029319260269412,-0.002661300599575034
0.013312558829784438,0.00227142870426178,0.004577489495277476,-0.0022978854179381836
0.004829398393630946,0.0038626378774643255,0.008672802448272732,-0.003970276415348084
0.003247607648372619,0.0007881611585617287,0.01476631030440334,-9.727478027299341e-06
0.01023744195699694,0.0021857166290283336,0.008160896897316028,-0.002499014139175415
0.003826083540916514,0.004989039003849061,0.006891943663358657,-0.0021904444694519354
0.002545017898082702,0.0014837095141411183,0.015294056007114754,-0.004235106110572762
0.004784425199031883,0.004586943387985265,0.009504598379135198,-0.0015787523984909235
0.004437194466590855,0.00354489624500276,0.00528392702341085,-0.0013249599933624623
0.009321790039539368,0.0023652696609497426,0.006941450536251059,-0.0038049131631850974
0.003087637722492209,0.0007184606790542336,0.0042957529425621255,-0.004766336679458583
0.003898228704929396,0.003878331184387185,0.008600271940231385,-0.0025040465593337835
0.0015830248594284058,0.001910099983215341,0.014566074907779725,0.0007966408133507352
0.0024745631217957254,0.002462165355682444,0.0032605987787246438,-0.0031700527667999356
0.0035040313005447743,0.003218412399291992,0.006524409651756269,-0.001631283760070823
0.005101833939552325,0.0038538238406181646,0.005497883260250136,-0.0011564719676970814
0.0021063768863678334,0.0033922654390334817,0.007632585465908059,-0.0007155859470366899
0.0028636431694031295,0.0018782368302345809,0.0030681625008582847,-0.0023244369029998824
0.008352094888687156,0.009050826132297574,0.014081958234310132,-0.001071971058845489
0.0044020980596543025,0.009821487963199593,0.011962616816163063,0.001905797719955471
0.0035672265291214478,0.011540721356868788,0.004213105142116591,0.0038032650947571467
0.003204421401023838,0.003941945135593428,0.0011663424968719749,0.003812018632888825
0.002943571209907514,0.003091134727001177,0.0014567032456398454,-2.5796890258389382e-06
0.0014896667003632125,0.0022242015600204557,0.0020260035991669367,-0.002780411243438752
-0.0005128908157348011,0.001349663734436013,0.0005418860912322909,-0.0026827982068061695
0.00043490082025532395,0.0021829771995545144,0.0018654927611351235,-0.0014271003007888527
0.005943099260330209,0.0024734950065612438,0.001621878147125222,-0.0014329254627227783
0.0017438513040543002,0.0030690732598305237,0.0015181994438171476,-0.001352007389068599
0.005534500181675006,0.004471826851367933,0.005099262893199952,0.0002810090780258623
0.0018369472026824596,0.0016853556036949824,0.0006662288308143527,-0.002805827260017324
0.0005793336033821372,0.0019295844435691656,0.000752595663070732,-0.001699659824371369
0.00042084783315665675,0.0014983972907066656,-0.0016404044628143266,-0.0017731302976607966
0.0007617232203483981,0.0019017156958580639,0.0012492215633392867,-0.0017019739747047291
0.0047208932042122065,0.0025819841027260315,7.841348648074398e-05,-0.0011435094475745755
0.0010076221823692721,0.002899127602577267,0.0013337326049804865,-0.001108142733573847
0.0008453100919724177,0.0018195044994354648,-6.130665540693414e-05,-0.0014917683601378684
0.0018063896894454645,0.002439013123512246,0.000660402774810831,-0.0003013592958449607
0.002619853615760781,0.0034401443600654558,0.0013116425275803145,-0.0013140675425529214
0.002053690850734702,0.0030458334088325767,0.00033148944377903167,-0.000993589162826547
0.0006360945105552407,0.0017673486471175837,0.0008032813668251704,-0.0011070668697357178
0.002071045637130786,0.0031665259599685802,0.0008748829364776389,0.004262979030609126
0.0009743446111679654,0.002187090516090451,-9.227246046061843e-05,0.001410328149795581
0.0023667994141578497,0.0033918780088424416,0.0007865753769874528,-0.00018316805362694755
0.001543150842189811,0.003125696480274165,0.00046586155891414904,-0.0007990777492522527
0.0011581531167030867,0.0019820803403854947,0.0006166812777519404,-0.0012449133396148504
0.0005652123689651178,0.001409006714820915,-0.000473599433898908,-0.0005694812536239935
0.002688966691493988,0.0036264109611511275,-0.0004229265451430875,0.0017102539539337602
0.003700634241104117,0.003690591752529171,0.00029592275619505504,0.0008520638942718373
0.0020941269397736217,0.0029642948508262768,0.0032308140397071528,0.0014168739318848322
0.0006630471348763045,0.001003243327140857,0.00023233860731131095,-0.0013996037840843245
-0.00030858576297754237,0.001418817937374084,-0.0005296897888182883,-0.0013005352020263317
0.0012297576665878385,0.0027393925189972412,0.00011304080486296275,0.002123808264732352
0.0011740911006927757,0.0021143776178360607,-1.5351176261835242e-05,0.0004928058385849088
0.00029312968254091576,0.0016106885671616222,-0.0002951097488402832,0.0037494963407516124
0.001190829873085053,0.002176659107208323,-0.0007169824838637595,0.0002593690156936779
0.0011523294448853028,0.0025155642628670316,-0.0002150028944015725,0.0007876992225647195
0.000561888217926021,0.0019036081433296825,0.0010114210844039961,-0.0006021165847778231
0.0009789738059043929,0.0013421928882598744,-0.0007434296607971014,-0.0011570864915847467
-0.0012745487689971302,0.0017652356624603405,-0.0005354529619217008,4.4342279434173015e-05
0.0008252257108688488,0.001971431970596349,-0.0006144511699676114,-0.00033943176269524145
0.0022628045082092596,0.0016988402605057074,0.0008591035008430614,-0.0006349617242813466
0.0011289131641387673,0.001996461749076861,0.00021903544664381158,-0.00031722903251640844
0.0009403029084206205,0.0019759613275528443,-7.516026496889872e-05,-0.0001985031366348311
0.0020474578440189406,0.0016877308487892595,0.0009380549192429255,-0.0004754734039306152
0.0007258301973342984,0.00066081762313841,-0.0003827038407325789,-0.0013872170448303578
0.0006571680307388972,0.0013012021780014482,0.0002173513174057451,-0.001114344298839498
6.240546703339955e-05,0.00017932623624805633,-0.00023656696081164608,-0.0011533245444297346
0.000804464221000667,0.0011411976814270641,-0.0005309924483298811,-0.0006787842512130382
0.00033437252044676846,0.0009563589096069913,0.0006201910972595259,-0.0004863601922988625
0.0004998493194580123,0.0011863091588020236,-7.636636495589322e-05,-0.0004589241743087058
0.0001792854070663541,0.0016421738266945152,-0.0005016729235648443,-0.00107277750968926
-8.428752422329211e-05,0.001218585669994332,0.00027154564857490016,-0.0009980332851409202
0.0005922129750252081,0.0009771737456322205,-0.00016765713691713202,-0.0008578345179557356
4.122197628020352e-05,0.0012092134356498363,-0.000705590546131063,-0.0009386211633681807
0.0013433390855789318,0.0014328682422638517,-0.0004675856232643216,8.019447326657048e-05
0.0012564596533775063,0.001255632340908086,0.000540185570716889,-0.0004900676012038474
0.0011083847284316661,0.0012791413068771185,0.0005320048332214666,-0.00018401861190797675
-0.000201367139816222,0.0021008372306824397,0.0004364821314811751,-0.0005782079696654563
-0.0007039272785186457,0.0016981402039527582,0.00042814016342163086,-0.0007292914390564231
0.0007918259501457081,0.001881470084190373,-4.348099231721303e-05,0.0001398164033890037
0.0012496745586395575,0.002204721271991783,5.0009787082694324e-05,9.813427925109419e-05
0.0005792671442031994,0.0006652045249939675,4.0822327136980086e-05,-0.0006411391496657926
0.0003009235858917325,0.0007037958502769115,7.136285305020529e-05,-0.00022986412048342508
0.00018349677324291935,0.0005947670340538114,-0.00011252105236048138,-0.0003544133901596247
-1.6850829124392952e-05,0.0004412651062012385,0.00029615670442584285,-0.0002994590997695834
-0.0002500471472739463,0.0005842328071594682,-5.541056394575694e-05,-0.0006535202264785767
-7.744401693343672e-05,0.000681685209274363,-0.00010925263166428056,-0.0009164887666701649
0.0002262783050537287,0.0008570569753647561,0.0004713240265846741,-0.0008345723152159978
-0.00048678994178774637,0.0006464430689812062,-0.00011725604534151834,-0.0017691221833229243
8.366703987183755e-06,0.00016665101051327458,-0.00037201344966886207,-0.0010276299715041848
0.00011455595493314874,0.0009527447819710488,-9.713172912595436e-05,-0.00012119621038431116
0.00027247399091723246,0.0007045632600783946,0.0010734695196151778,-0.0012719658017158464
0.000126475691795358,0.00024881064891812965,-0.0005128806829451937,-0.00010098636150357443
-0.00013480752706529486,0.0001782870292663663,-0.0007454633712767889,-0.0009346508979797274
1.4007091522216797e-06,0.0010239231586456343,0.00035618633031841984,-0.0009239450097083823
0.0002411538362503407,0.0004173010587692483,-0.00030543029308316427,-0.0006882166862487438
0.0005133792757988642,0.000678233802318573,-4.271030426028499e-05,-0.0003415405750274436
0.00030215680599210426,0.0006244951486588102,0.00016321212053305167,-0.00029165327548974496
-0.0001425698399543096,0.0004473817348480402,0.00016415446996687066,0.00017144262790680376
-0.00012793242931363746,0.00025876045227057887,-6.739616394035863e-05,-0.000840049386024444
-0.00030314117670060536,0.0009251421689987493,0.00018696904182435858,-0.00038926362991331676
-1.6977488994540657e-05,0.0008522686362266718,8.301377296449086e-05,-0.0007516646385192782
-0.00033370554447176293,0.00025336503982542613,0.00013887524604794255,-0.00023917406797402396
0.00028010487556462405,0.00033628970384602663,2.1197497844682722e-05,-0.0006610211730002646
0.0001027947664260509,0.0003440308570862305,-0.0002512621879577903,4.796981811550083e-06
0.00043503999710081676,0.000592409968376173,0.0001248461008072077,-0.0003878900408744723
3.0096769332854656e-05,0.0008733546733856734,-0.00012079209089277398,-0.0004008644819259999
0.00010952949523923561,0.0018581363558769493,0.0001386600732803389,-0.00024225950241085759
0.0005992221832276101,0.0012482655048370317,-0.00027204513549805576,-0.00021598994731897303
0.0004535818099975497,0.0009578669071197421,-0.00039918661117555043,-3.4160017967188594e-05
0.0007642158865929227,0.0008756780624389338,-4.1199922561574454e-05,0.0013367944955825495
0.00026807725429534024,0.0009613791108131764,0.00012075215578077891,0.0011638358235359636
-0.00014703392982484687,0.00045919865369803414,-0.0002180391550063998,-0.0002927720546722634
-3.544926643372914e-05,0.00043918311595914084,-0.0006390514969825123,-0.00012979328632356513
0.0020662647485732988,0.0010141432285308838,-0.00017836123704906282,0.0004367214441299838
-0.00014787435531615767,0.0002951875329018083,-5.001366138457364e-05,9.090542793277478e-05
0.0005138888955116272,0.0009908333420753923,0.00040719419717794025,0.0010155671834946034
0.0003419977426528664,0.00033680528402335597,-0.0004006958007812811,-2.329379320142877e-05
-0.0003887194395064686,0.0005626034736633256,-0.00022277235984802246,-0.000143619179725607
-7.367640733713099e-05,0.0007773628830909374,-0.0005039262771606712,-6.601989269250375e-05
-0.00021632313728325858,0.0008904629945755138,-0.00018164128065112362,-0.0002453538775444297
0.0003863179683685214,0.000386544764041874,-0.000213176608085619,-0.00010421186685560802
0.00013201773166660047,0.0006101337075233859,-0.0004130509495734458,0.00017998427152632335
-0.00035441398620605913,0.00030918449163441775,-0.0006132540106773554,-0.00037010163068773583
-0.0004517424106598167,0.0002129635214805914,-0.0001727777719497947,-0.0002891874313354359
-0.00041027426719664195,0.0003334188461303622,-0.0005068117380142567,-0.000595683455467233
-0.00022406935691832164,0.00016088396310809383,-0.000762071907520312,-0.0006426081061362554
0.000399014353752114,-0.0001713013648986239,5.9097409248365373e-05,-0.0007947459816932678
-0.00017952233552931407,0.0005714565515518855,-0.00028419584035876966,-0.00014387845993035775
0.0006107735633850142,0.0006387546658516152,-0.00017924726009366232,-0.00015845835208894155
-0.00020242273807524747,0.00022557944059375945,0.0003032034635543912,-0.0005396446585654857
0.00020318418741227529,0.000392165184020965,8.914172649387986e-05,0.00028309732675557697
-0.00019436091184610316,0.0003213185071945235,-0.000941801667213471,0.00010230481624606824
-0.00034273266792295143,-0.00014273226261141136,8.715569972994608e-05,-0.0007551684975624084
8.981585502620959e-05,0.0005587461590766951,-0.000274849832057944,-0.00012605458497993993
-0.0002206090092659041,0.0003938013315201161,-0.00010859012603758877,-0.00015611499547951713
3.1410455703762e-05,0.0005047762393951549,-4.10735607148105e-06,5.310118198398328e-05
0.00014745235443114346,0.0002677720785141391,-0.00011646360158923397,-0.0002969136834144459
0.00015281319618232203,0.00040931254625320435,-1.3094246387512776e-05,-0.0001837384700774658
-0.0003572276234626859,-1.0927915573111235e-05,-9.033948183057028e-05,-0.0005838775634765536
0.00012206196784969592,-9.35426354408131e-05,-0.00025827705860137495,-0.00023194849491114944
0.00037609100341795543,-0.00020119726657863435,0.00018439620733268214,-0.0005709344148635553
-3.42389941215826e-05,0.00011668473482129293,6.76152110099526e-05,-0.00033648192882540506
0.00012528598308569894,0.00014264762401583475,0.0003266632556915283,-0.00019304871559144843
0.00012451112270361886,2.0131468772888184e-05,5.016088485720882e-05,-0.0002871781587600042
-0.00029737174510957587,0.00024979293346405473,-0.00023014158010481456,-0.00011402845382690874
-3.595113754273349e-05,0.0003456437587737726,0.0004503744840622659,-0.00018797814846038818
-0.00014358878135678488,0.0004931890964507968,-0.0005415260791777898,5.9399008750959936e-05
7.621586322781315e-05,0.0006418716907501398,0.0002303233742714239,-0.00020306795835489666
0.00011797636747357121,0.0003333356976509272,1.4442205429343602e-06,-0.0002452415227889304
-0.00022916615009305197,0.0004098552465439109,-0.00036330610513690687,4.34458255771375e-06
1.1709630489353806e-05,0.0003915894031525369,0.00010813951492316676,-0.00022856086492539784
5.1667988300363454e-05,0.0006947007775306435,0.00032919168472289595,-0.00017138302326202837
5.578696727759347e-05,0.0003920120000839855,-0.0002928310632706044,-0.00010533988475802669
5.3863525390607236e-05,0.0004713669419288413,4.70155477524381e-05,8.38935375213623e-06
5.365937948231814e-05,0.0005012640357017206,0.000400396883487697,-0.00025550842285149145
0.00017645478248595747,0.0007322993874550043,0.0002662765979767334,0.00015904605388639137
0.0004356259107589633,0.0005328565835952537,0.00010840266942979682,-0.00013031899929050184
0.00016689658164981136,0.0007310581207276012,-0.0001660853624343428,0.0009973657131194802
7.904112339018887e-05,0.0002601978182792397,-0.0001416873931884277,0.0006990438699722157
-0.00012026250362395796,0.00020239204168326363,-0.00019424259662625953,-0.00011249423027037686
-0.00022067725658414528,0.00014227986335757503,-0.0003756567835807578,-0.00019801437854760628
-0.0002377611398696189,0.0004033416509628962,0.0004749965667725231,-0.00029734849929807794
6.963014602678896e-06,0.0004176914691925715,0.0003192675113677934,-6.953179836266532e-05
3.848075866696998e-05,1.5017092227953555e-05,-0.0003804659843444913,-0.0002965867519378884
-5.530536174769285e-05,0.0005160316824913691,-3.6832988262180955e-05,2.234160900116411e-05
0.0007667407393455727,0.00039177775382992497,-7.377922534945736e-05,-0.00016159296035767046
0.00039054155349738107,0.0006413221359252708,0.0002012667059898554,0.0009350264072418568
0.0006406778097153287,0.00018589049577710792,-0.0001604157686233565,-5.68848848342407e-05
8.649647235869917e-05,0.0005151438713073553,0.00017916500568393445,0.00014797747135164574
4.7072172164930315e-05,0.000610221028327973,0.0006384307146072299,0.0001365116238594144
0.00013875186443335075,0.0003412660956383373,0.00012969225645065308,5.303174257276222e-05
0.00045612096786495915,0.0004910397529602761,0.0007365256547927634,-0.0002692997455596702
1.1708438396484944e-05,0.0006494325399398759,2.635002136230913e-05,-4.455447196960449e-05
7.673084735870805e-05,0.0010368537902831765,0.00030410736799246774,0.0003080829977989419
0.00020524322986603671,0.0005682596564292597,7.731735706328902e-05,5.347430706015288e-06
0.00028358042240139714,0.00041977792978287187,0.00012541145086286676,5.27501106262207e-06
0.0007418525218964023,0.00043550729751584694,0.00047825336456297496,-9.081780910491499e-05
0.00022915720939642448,0.00037440180778502974,0.0003648307919502658,0.00010267645120620728
1.720190048215553e-05,0.0004631695151329218,0.0004697230458259316,0.00019559264183044434
3.796100616459963e-05,0.0004918670654296964,-7.48455524444136e-05,-0.00010484576225278097
0.00026651322841642067,0.000510371327400172,6.045818328859198e-05,-0.00010846257209773391
-2.7750730514530808e-05,0.00042172521352767944,-4.967451095572173e-06,-0.0004037290811538252
2.3299157619449673e-05,0.0003537857532501798,0.0003489515185356451,-0.000428206324577296
6.483018398284468e-05,0.000304790437221536,0.0003944233059883784,-4.456937313079834e-05
0.0003647428750992443,0.000800594687461853,0.00030876487493514126,0.00038441985845572013
0.00023111879825599146,0.0005936640501023049,0.00012891858816144186,0.0004536217451095448
0.000240995585918391,0.0003492999076843972,0.0002222245931625677,-0.00012912273406984198
-0.00023074448108673096,0.00017549097537994385,0.00020224720239636618,-0.0002732259035109763
5.729198455872719e-06,4.777073860173786e-05,6.19387626648038e-05,-8.306324481965888e-05
1.996755599975586e-06,0.0001412490010261891,3.217846155167958e-05,-0.00010029971599578857
-6.501257419588846e-05,0.00026200145483024073,0.0002236431837081554,-0.0003360536694526628
